farmer_id,crop_type,farm_size_acres,annual_yield_tonnes,income_per_acre_kes,years_farming_experience,market_access_score
1,Horticulture,16.29,35.9,2000.0,7.0,51.71827609081313
2,Maize,8.19,4.0,81018.0,3.9,60.45388461160214
3,Dairy,5.64,4.9,39787.0,4.7,17.00411433396247
4,Maize,56.21,206.7,96659.0,17.4,39.36496040304702
5,Maize,4.66,6.9,150561.0,9.3,52.062909257788505
6,Tea,3.28,6.1,23567.0,5.4,53.93441442494632
7,Maize,20.14,18.9,11009.0,15.6,48.02352432640233
8,Dairy,2.59,8.5,120811.0,14.6,44.6193816331015
9,Coffee,1.78,9.5,48256.0,1.7,50.8680372656515
10,Dairy,2.21,14.3,43714.0,6.7,62.92404471170472
11,Tea,5.25,11.8,26823.0,10.1,38.066081222334425
12,Maize,1.8,11.7,54309.0,4.0,2.2324888734777986
13,Maize,0.2,4.2,106692.0,5.3,87.24186165846137
14,Maize,37.09,192.9,116805.0,21.4,44.748236330503445
15,Maize,3.22,9.8,128244.0,11.0,73.28191244907903
16,Dairy,3.88,15.4,60561.0,3.0,44.330374872231886
17,Maize,1.15,2.3,6193.0,24.6,100.0
18,Maize,1.1,2.3,15522.0,19.3,64.90085114447135
19,Dairy,1.02,16.2,49339.0,7.5,51.9245012568508
20,Horticulture,0.72,1.2,24573.0,17.3,60.14026176419077
21,Dairy,2.03,2.2,25087.0,11.3,88.4333500355439
22,Horticulture,2.13,9.8,129144.0,11.2,94.86395261469906
23,Tea,1.31,4.5,15751.0,6.4,34.46936683543085
24,Maize,3.77,7.5,72451.0,6.1,45.01396914679139
25,Tea,2.05,4.4,21293.0,13.1,4.021081097056545
26,Maize,0.97,1.2,16515.0,6.6,72.93739102550427
27,Coffee,3.31,10.3,43285.0,4.4,39.52337654889299
28,Maize,3.91,20.9,61984.0,2.5,69.84424142173424
29,Maize,1.93,4.1,159031.0,14.6,56.360448545400025
30,Maize,25.2,22.3,18371.0,12.3,40.57312312985019
31,Dairy,4.8,8.2,60944.0,7.7,12.519317496669686
32,Coffee,16.13,34.9,18960.0,9.0,41.83489743500938
33,Horticulture,43.22,178.9,66317.0,15.3,39.47197019712298
34,Tea,38.6,164.0,88749.0,18.0,72.90137167061167
35,Horticulture,33.37,152.6,85992.0,24.2,34.44620156376125
36,Tea,0.68,16.7,43148.0,3.5,83.67913695203791
37,Tea,0.2,1.7,8868.0,8.7,29.237404433908985
38,Maize,1.07,2.2,24466.0,12.6,70.65702187706381
39,Maize,3.79,10.5,143469.0,5.1,61.60152124079619
40,Tea,1.68,4.4,26531.0,1.8,100.0
41,Tea,0.82,4.6,30540.0,20.9,60.29590465400387
42,Coffee,1.86,2.4,14292.0,16.7,11.969928892968987
43,Coffee,44.47,120.1,86548.0,21.9,70.28326489193198
44,Horticulture,1.81,3.8,22126.0,7.4,46.0689063085716
45,Tea,4.95,19.8,36037.0,5.1,42.00740489073095
46,Maize,3.52,16.1,34504.0,7.8,38.41060921393047
47,Horticulture,34.27,32.9,21037.0,4.7,17.027789522550172
48,Dairy,1.22,3.3,29577.0,19.5,53.89107104415863
49,Coffee,0.95,3.5,21813.0,19.1,12.624782158336984
50,Tea,1.96,18.0,44496.0,6.0,37.92529099541403
51,Horticulture,36.79,140.1,51776.0,13.2,39.641809640239494
52,Maize,1.26,3.5,14686.0,18.4,58.891056675205
53,Horticulture,0.81,3.8,17153.0,5.7,80.35336333914341
54,Maize,4.17,9.2,50130.0,13.9,45.301014822223365
55,Horticulture,0.72,4.1,21713.0,16.3,
56,Maize,37.01,21.4,18982.0,16.6,68.90555723923583
57,Maize,7.62,8.5,97078.0,11.7,71.5328679184868
58,Dairy,6.68,7.0,73625.0,10.3,54.73056677364406
59,Tea,4.16,18.3,22369.0,11.5,70.51499283927926
60,Coffee,1.17,0.1,17132.0,20.7,80.21374793415559
61,Horticulture,2.62,5.9,124317.0,9.4,42.42917193825457
62,Coffee,1.24,0.7,16005.0,9.6,26.427028622278968
63,Coffee,21.6,27.0,22104.0,1.9,44.51609368957774
64,Dairy,1.69,2.5,16326.0,14.1,71.1750219549629
65,Maize,1.11,4.6,12554.0,16.2,25.566894393889722
66,Dairy,1.32,2.3,9083.0,21.2,51.92084365832602
67,Maize,1.56,1.3,14708.0,0.5,41.6608084001422
68,Maize,0.67,4.0,17927.0,3.7,80.2624742155061
69,Tea,2.8,11.2,59773.0,5.5,64.24343473876316
70,Horticulture,38.35,206.0,94864.0,24.8,54.86009809221152
71,Horticulture,0.87,2.4,22721.0,12.3,75.18858964296045
72,Maize,3.86,8.1,43890.0,4.1,96.80563752560698
73,Horticulture,39.88,168.1,78186.0,15.7,41.53600898737227
74,Dairy,2.04,0.1,27564.0,20.5,45.08615032530075
75,Maize,1.1,3.8,14519.0,15.7,55.75477900459307
76,Maize,49.8,218.1,72776.0,22.1,91.94341661155107
77,Maize,1.01,1.5,18588.0,16.5,55.78600222394445
78,Maize,1.49,11.7,51050.0,2.6,91.4129325470355
79,Coffee,0.7,7.5,230508.0,9.0,
80,Dairy,1.05,3.2,13722.0,4.8,54.01825471707866
81,Horticulture,6.45,14.1,56857.0,13.1,66.83606160165388
82,Tea,53.31,180.6,79975.0,13.0,52.715456933350275
83,Horticulture,1.13,0.1,15931.0,20.8,38.592278943695334
84,Maize,31.99,23.1,2011.0,18.9,33.49750653855439
85,Maize,2.3,3.3,148566.0,3.6,55.20733464880317
86,Tea,3.92,10.3,40572.0,2.7,33.69994408329479
87,Dairy,2.71,14.8,32986.0,6.9,58.09744721824117
88,Maize,1.85,13.9,55920.0,8.6,78.36403993540816
89,Tea,15.69,26.8,17834.0,20.6,48.002888371082214
90,Tea,3.59,5.4,166890.0,11.4,47.54579373756599
91,Dairy,4.36,8.5,39955.0,4.4,68.03775175372513
92,Maize,0.2,3.0,116367.0,18.7,100.0
93,Horticulture,3.53,5.8,53767.0,10.9,0.0
94,Horticulture,0.7,2.2,38790.0,6.2,41.85987640456412
95,Horticulture,3.96,14.4,62870.0,5.3,
96,Horticulture,26.97,32.1,14574.0,10.3,74.34000432651362
97,Coffee,3.41,9.2,24050.0,0.6,57.4036760490948
98,Dairy,1.58,3.0,9786.0,8.4,11.344186461408015
99,Maize,5.33,11.0,103620.0,3.4,92.78057817347293
100,Tea,3.23,8.7,44171.0,5.2,0.0
101,Maize,1.21,5.2,23246.0,5.4,22.626165121462943
102,Dairy,35.26,185.8,83283.0,12.5,75.70419644141882
103,Coffee,1.73,3.1,4767.0,7.8,62.84113008100519
104,Tea,32.59,128.3,103230.0,15.1,16.88071252566253
105,Tea,44.59,152.8,88525.0,17.6,16.58316190550167
106,Horticulture,1.07,1.3,8126.0,23.8,58.74365882144508
107,Coffee,1.71,13.6,52346.0,5.9,53.169052240903845
108,Tea,3.87,13.2,35026.0,5.9,30.740045870009197
109,Coffee,7.06,4.9,119065.0,12.0,44.92746526275866
110,Maize,1.25,11.4,57054.0,9.0,50.19764386929905
111,Tea,3.3,4.4,69355.0,3.6,1.352859557242823
112,Tea,4.56,9.8,38310.0,8.0,
113,Maize,1.42,1.2,17691.0,21.0,20.263475620480655
114,Coffee,17.22,7.3,17528.0,9.1,100.0
115,Maize,50.1,222.6,105388.0,9.3,59.69168971277362
116,Coffee,4.75,6.5,65752.0,6.2,44.95761658151652
117,Horticulture,30.96,23.4,8952.0,13.9,57.089741804823674
118,Dairy,32.44,148.5,69878.0,20.8,36.8597750386256
119,Horticulture,4.36,9.3,67347.0,2.2,95.99489557370022
120,Horticulture,7.39,3.0,34909.0,6.6,64.15773087542377
121,Coffee,4.59,7.6,127043.0,11.5,90.24299591664348
122,Tea,3.65,9.9,34114.0,0.5,12.398306628687479
123,Coffee,1.48,17.1,53784.0,6.5,18.030412659677523
124,Tea,3.32,8.1,30081.0,6.3,45.2668259703574
125,Dairy,0.63,1.6,15276.0,20.0,28.026763319236995
126,Coffee,1.05,2.6,24317.0,4.7,
127,Horticulture,3.28,12.9,45676.0,9.9,49.990567035294184
128,Tea,2.61,6.8,50045.0,3.7,32.42741140705558
129,Tea,3.35,14.5,29078.0,7.2,65.29664185783393
130,Maize,0.2,7.5,54960.0,7.1,82.76484642486358
131,Dairy,5.51,11.8,73964.0,5.3,65.5139827351485
132,Horticulture,0.79,3.5,6809.0,8.6,18.788442305196355
133,Horticulture,0.99,8.3,130367.0,9.9,75.22532755638336
134,Maize,3.63,5.0,67396.0,9.2,55.98381844949171
135,Horticulture,2.85,10.5,23438.0,3.0,37.26937357047201
136,Maize,68.68,189.4,87187.0,15.5,
137,Horticulture,2.58,5.1,92281.0,11.5,61.25269896214104
138,Tea,1.76,1.3,14733.0,18.8,26.27583235043857
139,Coffee,0.98,4.0,29155.0,12.0,20.229097399379825
140,Dairy,1.4,3.8,155498.0,6.2,50.76669477478319
141,Maize,29.56,40.3,36098.0,10.3,38.58738640468659
142,Coffee,0.2,2.9,25699.0,15.3,61.10943666309255
143,Coffee,1.15,0.1,22615.0,8.3,50.12141471419119
144,Maize,2.24,7.8,50369.0,2.0,62.55345787789843
145,Coffee,2.95,6.5,137044.0,6.9,61.453114352739206
146,Horticulture,2.65,9.5,38087.0,1.2,56.94413563268206
147,Horticulture,2.85,9.8,50680.0,4.7,90.15197468518181
148,Maize,56.31,149.1,94961.0,18.3,28.657264314375453
149,Maize,4.04,17.3,54808.0,3.7,30.26879244683053
150,Dairy,1.31,1.9,22613.0,11.7,76.23837275933148
151,Coffee,16.32,24.0,14510.0,7.2,92.33772487164535
152,Coffee,3.88,10.7,161546.0,13.6,88.68717497964978
153,Maize,22.25,37.1,32311.0,6.4,72.77947327397699
154,Coffee,1.81,1.8,8427.0,10.3,48.50162473861273
155,Horticulture,41.67,177.1,63900.0,13.4,8.679954521388659
156,Tea,2.82,6.3,168997.0,7.3,53.66148041019263
157,Horticulture,45.37,192.5,118209.0,27.2,46.50731214450759
158,Coffee,0.59,4.9,27518.0,16.2,82.03152092140301
159,Maize,3.71,1.3,36805.0,0.5,52.12056970569255
160,Coffee,21.2,39.5,32228.0,16.2,60.41187266950563
161,Tea,4.41,11.6,46883.0,1.5,100.0
162,Maize,16.55,38.6,9028.0,14.7,0.0
163,Dairy,3.93,6.8,129267.0,2.4,
164,Maize,3.63,3.4,105306.0,6.9,55.69430737698935
165,Horticulture,55.95,168.9,87520.0,12.2,76.15067439824726
166,Dairy,3.53,12.2,48939.0,5.6,47.42938805063246
167,Horticulture,0.85,2.8,17721.0,16.8,33.536580889034454
168,Dairy,2.62,16.6,28514.0,11.0,65.46544961188812
169,Tea,3.82,13.3,36319.0,2.9,61.50255595371928
170,Maize,5.18,6.5,136490.0,13.7,83.82544759734128
171,Maize,3.71,11.9,57289.0,4.7,22.628904117324062
172,Dairy,0.93,3.6,15056.0,11.7,57.44092241038852
173,Horticulture,32.44,49.5,24950.0,8.8,42.14323030164664
174,Maize,1.77,6.3,36812.0,8.9,55.873697186835486
175,Maize,5.9,1.4,86626.0,10.3,59.28141431378641
176,Maize,52.67,241.0,73561.0,25.2,27.047525042634824
177,Maize,36.41,224.5,95582.0,21.3,80.1504778494006
178,Maize,13.02,41.7,22387.0,15.1,70.82004729605626
179,Coffee,1.44,14.7,42088.0,5.7,86.6501948220504
180,Maize,19.32,29.9,26551.0,11.3,45.06135187151756
181,Dairy,6.75,15.7,60085.0,7.1,40.30693077069375
182,Maize,4.33,13.3,28790.0,3.0,
183,Horticulture,1.28,4.1,6186.0,10.2,87.56563740450329
184,Tea,3.44,10.5,120892.0,3.7,31.240053317464536
185,Horticulture,0.6,3.5,9224.0,3.8,
186,Horticulture,5.26,11.2,41603.0,7.7,56.86116116916685
187,Horticulture,3.62,16.8,50097.0,7.0,63.52502979735099
188,Dairy,3.29,13.8,32191.0,3.8,46.9194980234599
189,Horticulture,3.68,8.4,189897.0,12.1,69.95278019305431
190,Tea,32.2,227.4,93629.0,17.9,83.28371851327933
191,Horticulture,0.99,1.8,2000.0,6.8,58.13384542802518
192,Horticulture,1.47,1.8,16963.0,0.9,92.7778641098127
193,Maize,31.47,134.5,78740.0,17.6,0.7565342233865806
194,Coffee,0.82,3.9,12752.0,14.6,28.362966565831528
195,Maize,11.59,34.8,20739.0,4.8,47.917711996942586
196,Horticulture,1.79,17.4,39756.0,4.8,28.30799750915307
197,Horticulture,18.96,21.2,20288.0,12.4,45.594680248645254
198,Maize,28.58,226.5,75563.0,12.9,54.98683083813762
199,Horticulture,2.99,13.4,32875.0,9.1,44.99172521629882
200,Maize,18.35,25.9,22486.0,14.5,45.77624151263885
201,Maize,1.5,19.8,41410.0,9.3,100.0
202,Tea,29.7,22.3,18446.0,11.0,55.45512590111296
203,Horticulture,13.47,45.4,14299.0,3.4,48.500810587731245
204,Maize,4.77,7.8,145349.0,10.0,65.91161129964706
205,Horticulture,5.42,14.0,43793.0,10.5,39.3230672059114
206,Tea,51.63,191.0,90622.0,22.2,67.22714383526755
207,Coffee,1.98,0.4,11802.0,3.5,64.62260747724748
208,Maize,41.84,92.5,100287.0,13.2,75.45980019611656
209,Dairy,3.48,7.2,46544.0,7.5,82.34194727810777
210,Dairy,0.81,1.5,18339.0,17.2,85.79582889498673
211,Horticulture,1.02,1.3,12822.0,12.8,0.0
212,Maize,5.8,9.1,94544.0,8.3,55.966468507526606
213,Maize,4.34,9.3,106590.0,7.3,
214,Dairy,1.6,3.8,20094.0,14.3,65.93116925685723
215,Dairy,1.49,1.4,7415.0,12.8,75.40414427459403
216,Coffee,51.74,154.0,85551.0,14.4,76.15644960452644
217,Coffee,2.74,11.8,36388.0,5.8,64.08461286612447
218,Dairy,2.34,9.7,43095.0,12.7,24.608420003938384
219,Horticulture,4.45,7.3,172166.0,7.9,59.13208373967058
220,Maize,1.52,5.9,50035.0,0.5,42.18308402531159
221,Maize,27.15,14.1,18968.0,14.7,68.27402455649144
222,Tea,2.83,9.4,43837.0,6.1,56.229741686403024
223,Dairy,1.14,0.5,29127.0,1.0,63.33727045711598
224,Maize,0.83,2.2,11495.0,5.4,41.41006256209198
225,Maize,51.63,84.8,74148.0,16.0,56.679281183997844
226,Maize,22.44,30.4,24800.0,7.9,93.1468856576059
227,Coffee,5.85,15.7,49517.0,4.3,48.46126933018451
228,Tea,3.58,1.9,139554.0,10.8,63.492916221543915
229,Coffee,4.04,17.0,48012.0,4.3,90.90974769282266
230,Maize,1.09,4.8,14286.0,13.4,56.141679727175614
231,Horticulture,45.24,196.6,94086.0,19.8,33.22704568366877
232,Maize,13.18,23.3,18274.0,18.4,12.03510547951813
233,Coffee,2.68,21.6,63652.0,11.0,76.42613551767185
234,Maize,0.69,3.7,13910.0,15.0,45.596493608328046
235,Dairy,2.59,13.1,111187.0,4.9,16.008228329169555
236,Coffee,0.82,3.8,22593.0,11.7,47.69686482747532
237,Tea,21.98,20.2,31379.0,14.2,
238,Maize,3.77,16.7,32542.0,7.7,53.33609015173397
239,Tea,0.87,3.3,21888.0,16.4,19.177583714887348
240,Horticulture,3.03,13.2,52787.0,13.8,74.28355969055552
241,Coffee,4.27,8.0,36069.0,7.2,48.429846657201686
242,Tea,3.52,9.7,44332.0,3.2,0.0
243,Horticulture,4.89,2.2,88636.0,0.5,24.656189761119826
244,Maize,2.68,12.9,116105.0,10.3,33.26978221981507
245,Maize,0.8,16.1,41168.0,4.6,68.16853614235893
246,Maize,0.2,4.7,12745.0,9.0,22.595857975205146
247,Maize,4.82,5.3,47508.0,6.9,86.96925512644594
248,Dairy,0.87,2.1,15002.0,9.9,59.26371635121639
249,Horticulture,0.38,2.3,21784.0,14.0,65.46039562619205
250,Dairy,29.66,12.6,14800.0,15.9,86.60937819320507
251,Coffee,1.02,2.2,11551.0,0.5,45.145435025104696
252,Maize,18.39,33.0,11831.0,16.4,29.76409640490751
253,Dairy,14.4,48.7,32140.0,20.8,33.94878668627352
254,Maize,1.07,2.4,13883.0,3.8,81.13481667401715
255,Maize,3.18,11.5,35405.0,8.7,80.9780919349724
256,Maize,1.14,4.2,15911.0,14.1,44.61593204945686
257,Coffee,2.44,3.7,23680.0,16.8,5.119232267646538
258,Horticulture,6.22,7.9,108992.0,8.5,6.159752653365594
259,Coffee,0.55,1.5,4409.0,20.1,45.7906399217827
260,Coffee,1.42,5.1,155251.0,15.6,85.0492971775096
261,Horticulture,1.51,0.3,11352.0,12.3,59.226718759055146
262,Horticulture,0.2,12.7,40408.0,8.8,59.14919055881339
263,Horticulture,1.47,0.5,42700.0,4.4,
264,Maize,60.9,135.1,96917.0,15.1,55.407346609875695
265,Dairy,0.53,1.4,22691.0,7.5,48.51942713277265
266,Coffee,4.98,12.3,49922.0,13.3,35.19576543505477
267,Tea,0.94,1.5,28985.0,11.5,48.95618564079135
268,Coffee,27.04,45.1,26852.0,4.6,43.595624675266436
269,Horticulture,1.25,1.3,2447.0,10.1,87.00856353710945
270,Maize,10.45,19.7,22208.0,0.5,48.53728694867795
271,Tea,26.64,23.2,13352.0,6.5,20.510830604473714
272,Tea,1.13,3.6,28162.0,10.1,51.63112357878547
273,Horticulture,33.03,214.0,92135.0,24.1,50.89871820170787
274,Maize,4.09,8.2,61817.0,2.1,56.803686170314144
275,Coffee,1.52,4.2,26576.0,12.3,68.76568069212652
276,Horticulture,1.44,3.3,17231.0,11.8,75.65108169169186
277,Horticulture,1.56,3.8,23046.0,18.6,66.00354762946657
278,Tea,0.46,3.5,19041.0,9.1,91.71182734615238
279,Dairy,51.68,191.2,70892.0,10.9,51.02048864152777
280,Coffee,2.13,9.8,46253.0,3.9,73.44522486455176
281,Tea,4.0,18.6,2000.0,5.2,74.73133405918176
282,Horticulture,0.66,15.2,43435.0,6.4,60.215766529596
283,Maize,4.52,17.7,64876.0,10.1,85.67224065460184
284,Tea,4.09,15.4,35776.0,7.9,53.86189528002747
285,Horticulture,4.81,17.2,52809.0,2.2,27.809440555688123
286,Coffee,1.35,3.6,20901.0,10.0,39.004933936623914
287,Maize,3.17,5.6,107412.0,7.2,68.67931448362278
288,Dairy,3.04,12.6,43347.0,9.7,55.465230886410026
289,Coffee,1.22,0.1,22664.0,7.3,75.31259938590453
290,Dairy,0.4,2.1,8341.0,21.5,88.60046093303069
291,Horticulture,1.89,4.7,35142.0,10.9,64.56892355546081
292,Tea,20.12,21.9,20273.0,13.4,38.68228080728892
293,Dairy,65.16,102.6,75917.0,13.9,37.64222236855908
294,Tea,2.2,11.7,52545.0,4.9,76.61998504410357
295,Maize,22.19,7.4,29468.0,11.5,100.0
296,Coffee,1.0,5.0,14382.0,11.0,63.76724600813997
297,Maize,3.89,20.0,50765.0,6.2,0.7564064358265767
298,Dairy,0.93,1.0,24552.0,14.7,44.291457904564
299,Maize,14.43,50.7,18186.0,11.0,
300,Maize,1.35,1.8,19966.0,17.8,56.60158958650395
301,Dairy,0.94,3.2,11041.0,0.5,48.44436683996991
302,Coffee,34.05,154.8,89907.0,22.3,68.89803389840733
303,Dairy,3.4,12.5,43563.0,8.6,88.50000331082633
304,Dairy,2.61,20.5,58440.0,11.1,40.85791364565384
305,Maize,0.86,0.8,23086.0,19.9,47.794518273445895
306,Coffee,1.52,2.5,18119.0,26.3,51.79700179612946
307,Coffee,0.9,4.3,31927.0,24.3,59.84931932340689
308,Horticulture,35.1,114.2,99437.0,24.7,59.65603871527851
309,Maize,8.65,6.4,130195.0,10.9,98.65429678088009
310,Maize,4.23,5.0,145863.0,4.1,79.99750244859084
311,Maize,1.13,16.3,34941.0,4.1,59.26869630411397
312,Maize,28.9,38.0,16745.0,10.4,37.24129718089323
313,Maize,1.28,2.5,7909.0,0.5,100.0
314,Horticulture,1.78,2.6,23275.0,22.1,52.575605172405595
315,Coffee,33.44,242.1,101968.0,22.2,26.21901891314709
316,Tea,1.46,2.8,26571.0,5.0,
317,Tea,18.87,272.7,82637.0,18.1,48.62788460940244
318,Maize,20.94,26.4,36704.0,5.8,38.20752932608413
319,Tea,2.86,20.2,40469.0,1.3,84.82811077527276
320,Tea,6.6,5.5,86343.0,0.5,33.27944861800782
321,Dairy,0.41,2.8,12356.0,11.9,
322,Maize,0.87,0.1,25720.0,17.4,16.682896187012943
323,Maize,3.59,7.9,52577.0,5.6,42.80596654168456
324,Tea,67.76,157.7,63558.0,14.2,60.58683007102797
325,Coffee,3.69,1.2,44183.0,4.4,37.23290095747251
326,Tea,7.17,33.0,25335.0,8.0,0.0
327,Coffee,5.38,17.2,17024.0,8.4,0.0
328,Tea,3.53,5.8,60640.0,4.4,90.39966886721612
329,Horticulture,4.62,16.3,44382.0,6.7,46.68956621605585
330,Maize,57.83,206.5,87897.0,15.6,56.22959634787912
331,Dairy,0.39,3.4,19713.0,18.9,19.198063320129805
332,Tea,4.48,11.3,54098.0,1.1,51.76825852451201
333,Dairy,1.8,4.0,11921.0,8.3,1.6413619999093072
334,Dairy,1.95,8.8,66630.0,5.4,
335,Dairy,8.39,12.1,111746.0,19.6,16.46743556239754
336,Horticulture,4.6,15.5,47197.0,11.1,58.47406153206022
337,Maize,2.62,6.9,154794.0,7.8,74.59457237567678
338,Tea,4.6,12.9,42629.0,1.9,53.46527126841902
339,Maize,4.18,5.1,29870.0,6.4,60.06333226705413
340,Tea,32.36,49.3,21220.0,20.4,59.6786759508521
341,Horticulture,5.5,8.6,54446.0,5.1,89.73728559183132
342,Coffee,4.05,14.0,30953.0,3.5,22.890012377609956
343,Maize,4.05,8.3,50522.0,8.5,54.35676778770379
344,Maize,3.36,7.8,56538.0,4.8,76.964607445316
345,Tea,22.45,45.9,23367.0,15.8,57.68029713591726
346,Horticulture,35.55,259.6,61487.0,21.9,44.70656724282341
347,Horticulture,1.11,6.1,96293.0,5.0,47.63797027032128
348,Coffee,1.51,2.8,17303.0,7.2,20.903300119410332
349,Horticulture,4.11,7.9,27463.0,10.9,60.6891347403155
350,Maize,2.69,14.7,62728.0,6.4,29.678860250349967
351,Maize,6.5,19.9,39461.0,2.1,12.233029448519872
352,Tea,2.0,3.2,23043.0,9.9,38.58462455752963
353,Dairy,0.99,1.3,18626.0,21.8,70.60305506531887
354,Coffee,0.62,0.9,12118.0,9.4,14.966864382213465
355,Tea,1.23,4.5,26757.0,8.3,48.10698730323379
356,Maize,0.79,2.5,17408.0,10.0,16.64744933042769
357,Coffee,2.23,15.5,54856.0,10.6,49.60836035260944
358,Tea,42.29,191.7,74613.0,10.5,38.456692812720256
359,Coffee,4.91,8.8,148580.0,2.6,36.508748768604114
360,Dairy,1.18,5.4,22310.0,8.3,67.51895172072867
361,Horticulture,3.46,4.3,40660.0,7.9,60.26532047397962
362,Maize,27.29,140.8,72687.0,15.1,41.369568369118625
363,Dairy,1.71,1.3,16841.0,16.8,36.20697375504553
364,Dairy,3.26,8.8,112706.0,12.1,61.266719772128056
365,Coffee,41.6,185.9,100691.0,23.5,
366,Dairy,2.31,14.5,17853.0,7.2,78.59708119645938
367,Horticulture,19.81,36.4,20143.0,4.9,33.449027737223574
368,Maize,1.19,15.0,128331.0,13.9,27.17670638679475
369,Coffee,4.69,12.6,46578.0,0.5,29.600284985595813
370,Maize,1.6,1.4,25527.0,12.5,28.28108462509572
371,Dairy,16.08,32.4,23374.0,20.9,31.31415422233946
372,Coffee,2.05,16.2,50342.0,5.0,50.518901022657126
373,Coffee,0.96,3.6,16360.0,9.0,51.29024115630035
374,Horticulture,2.45,7.5,135899.0,5.6,49.35228760840769
375,Maize,4.02,9.6,36411.0,4.2,47.29916587488543
376,Coffee,6.38,5.7,70778.0,6.8,48.41073367794981
377,Maize,0.2,9.1,47514.0,5.5,96.8292825040903
378,Maize,1.67,4.0,27149.0,4.9,27.31018846086947
379,Horticulture,41.76,181.0,84669.0,19.6,84.90740631198591
380,Horticulture,3.8,6.8,110054.0,8.1,58.60684509632546
381,Horticulture,0.62,1.2,21984.0,1.9,62.319095791316094
382,Horticulture,2.04,7.5,117290.0,8.5,27.800244350209613
383,Horticulture,3.56,12.8,38231.0,4.7,57.54309775292262
384,Maize,14.55,33.5,25313.0,5.7,42.161663212880605
385,Maize,3.49,2.1,48964.0,6.8,77.63564526398935
386,Horticulture,13.32,32.6,29436.0,11.7,31.58695968616584
387,Dairy,27.96,31.5,24122.0,13.8,43.77855316896714
388,Coffee,3.45,11.5,44617.0,5.7,76.47477015286151
389,Coffee,2.55,9.0,139668.0,12.8,36.8126468037874
390,Tea,4.58,10.6,28702.0,6.1,47.84793181794739
391,Dairy,5.01,0.1,58089.0,8.2,53.78719162579882
392,Tea,0.35,3.2,23726.0,15.7,61.570463562271385
393,Tea,5.38,4.2,73767.0,11.5,37.494786328542574
394,Maize,63.25,172.0,88235.0,23.9,54.100314184849985
395,Maize,5.8,29.2,28146.0,2.5,56.17501662593916
396,Horticulture,21.19,12.8,18675.0,8.8,41.67962902086114
397,Maize,1.6,2.4,17163.0,19.0,85.99357173011401
398,Dairy,3.97,14.4,27715.0,2.6,52.994350200527464
399,Horticulture,15.85,120.5,108765.0,18.2,45.49883878205408
400,Horticulture,2.89,9.2,40922.0,5.0,9.702320125327041
401,Maize,1.69,3.4,24252.0,17.9,70.13335810015829
402,Maize,5.44,6.1,78759.0,1.7,45.1536258986179
403,Horticulture,4.99,11.3,44818.0,10.0,61.88426946626064
404,Maize,1.96,11.6,33822.0,4.6,52.29768909127279
405,Coffee,32.55,139.1,87274.0,14.0,42.364199431063184
406,Tea,41.09,205.4,89291.0,18.3,71.76669186287592
407,Tea,50.71,178.8,79398.0,20.1,71.82514083710078
408,Tea,0.75,17.9,42551.0,5.2,16.83030372144986
409,Coffee,1.19,3.2,15198.0,11.7,54.651827589609525
410,Dairy,4.06,10.1,49810.0,7.5,55.21135859734815
411,Dairy,3.5,6.4,110718.0,1.0,82.7266425715348
412,Maize,0.41,4.4,12274.0,8.1,70.98749055816664
413,Tea,7.32,47.7,15243.0,8.2,75.39554397510926
414,Maize,1.61,2.6,31677.0,11.2,86.5854637431556
415,Dairy,2.14,5.7,164296.0,9.0,36.34217989454482
416,Horticulture,1.07,2.1,29819.0,16.3,17.02199344913882
417,Maize,3.38,17.8,25278.0,3.1,71.4239050823984
418,Horticulture,2.9,13.1,29884.0,4.6,44.89347648951581
419,Horticulture,3.66,4.4,41629.0,6.1,51.752667369717045
420,Coffee,1.53,2.1,19899.0,20.8,85.87274736494781
421,Coffee,1.96,2.4,18399.0,9.5,58.86803212681198
422,Horticulture,1.94,2.5,102294.0,6.4,51.855238623201174
423,Maize,0.2,16.8,39596.0,12.4,51.57243912961728
424,Coffee,53.67,101.7,68513.0,7.0,66.31224220644025
425,Maize,4.43,16.9,43759.0,1.1,36.36579637606002
426,Maize,1.04,8.0,107865.0,12.0,57.918456524451024
427,Maize,1.48,4.4,18263.0,13.0,73.74264157001815
428,Maize,1.39,4.3,19331.0,20.8,77.99105284153364
429,Maize,3.53,0.1,110049.0,2.7,77.09973168403882
430,Dairy,4.27,9.1,134391.0,0.5,67.06068654812884
431,Dairy,6.11,12.7,124331.0,4.6,0.0
432,Horticulture,0.91,3.8,5557.0,13.8,64.40539054888228
433,Tea,26.13,39.0,11405.0,14.9,75.85916093553772
434,Tea,5.75,15.8,41281.0,12.2,84.48682535873616
435,Dairy,26.22,26.6,22610.0,10.5,53.19164499767251
436,Maize,1.2,4.5,130436.0,8.5,31.04187646687125
437,Horticulture,6.32,8.3,28520.0,5.7,41.65143250739912
438,Horticulture,7.66,8.9,122261.0,1.8,38.381552302384804
439,Tea,5.13,6.8,88473.0,1.1,60.41572718936227
440,Horticulture,0.7,3.9,11054.0,10.7,37.77531574224447
441,Tea,0.2,11.2,119162.0,9.5,48.94610755502511
442,Coffee,3.54,12.6,57876.0,5.0,43.91094622960448
443,Maize,3.06,7.4,140544.0,7.1,47.85790277227371
444,Dairy,73.82,210.7,89706.0,16.6,84.37302861472172
445,Dairy,4.62,9.2,35402.0,9.7,26.896448287176064
446,Dairy,4.87,11.1,37264.0,8.7,100.0
447,Dairy,33.38,27.7,32515.0,19.0,
448,Horticulture,4.65,11.2,61697.0,6.1,100.0
449,Maize,0.48,4.3,31860.0,17.6,96.89892837682933
450,Maize,1.13,0.9,24120.0,21.4,80.12668731487544
451,Maize,7.22,9.4,153689.0,3.8,35.89724324960532
452,Maize,2.2,3.0,17910.0,12.9,24.374944266006693
453,Dairy,47.11,228.9,71861.0,17.4,14.991545357798415
454,Horticulture,50.16,177.6,69638.0,26.2,
455,Coffee,4.53,8.9,149485.0,7.3,86.43862506716422
456,Maize,18.47,34.4,26380.0,8.8,69.63862915050336
457,Maize,18.41,22.0,13773.0,11.1,
458,Coffee,27.53,34.6,21851.0,11.2,80.59771773123643
459,Maize,1.29,2.5,8352.0,21.1,44.4205406833635
460,Horticulture,6.92,17.9,40169.0,2.9,65.3281448548855
461,Tea,4.16,12.8,42422.0,6.5,38.41501729168736
462,Coffee,2.63,16.5,24884.0,8.1,41.56606399525587
463,Maize,5.73,4.8,39366.0,8.7,44.43919676043172
464,Horticulture,3.65,14.3,24069.0,7.0,68.8383298503904
465,Coffee,2.42,13.4,56454.0,6.5,29.71928901058194
466,Coffee,1.14,5.0,11639.0,18.6,70.3733986738583
467,Horticulture,1.44,1.8,17919.0,19.0,57.88486006895366
468,Tea,3.67,9.2,80188.0,17.3,24.102833349552355
469,Coffee,29.7,147.3,63539.0,16.5,57.12988560760575
470,Horticulture,5.22,10.4,129859.0,9.6,57.55077206894192
471,Tea,6.36,5.2,119088.0,9.7,66.19887440880196
472,Maize,0.88,3.0,31248.0,10.3,85.53837848498543
473,Horticulture,19.57,55.6,23049.0,10.9,31.860091638261295
474,Dairy,13.35,28.7,33260.0,5.3,38.19778323401492
475,Coffee,3.78,9.5,93183.0,3.8,64.23613290027761
476,Horticulture,0.99,13.3,89423.0,3.9,
477,Maize,0.84,3.7,19013.0,8.8,100.0
478,Maize,66.81,140.9,81738.0,22.9,36.28647985436542
479,Maize,0.73,0.1,19738.0,17.1,51.96962039206171
480,Horticulture,5.08,10.2,46515.0,3.4,78.78440052376465
481,Maize,5.24,9.8,151406.0,15.5,57.96826185555877
482,Horticulture,0.22,2.1,16938.0,13.3,55.130488145266064
483,Maize,1.39,3.6,9725.0,25.7,65.24523342695139
484,Maize,43.17,222.4,92093.0,14.4,40.76656869279987
485,Maize,1.9,12.9,41534.0,8.1,24.40681591448564
486,Dairy,1.25,3.7,18077.0,6.8,49.84984537962948
487,Maize,23.56,34.0,11191.0,7.7,22.10958547805639
488,Coffee,5.79,18.6,46032.0,6.0,48.815114470033805
489,Maize,1.52,2.9,26104.0,5.9,33.69380850295671
490,Maize,5.4,17.1,53230.0,8.6,61.92326750604687
491,Tea,4.23,11.0,175222.0,13.1,0.0
492,Maize,3.09,6.6,39497.0,3.6,54.53812673429197
493,Coffee,4.43,12.5,49714.0,4.3,60.825578475644406
494,Maize,4.52,2.8,33506.0,4.9,59.523950211933176
495,Dairy,1.35,3.2,24109.0,5.4,83.96530216261228
496,Tea,5.56,14.6,20263.0,7.4,77.25237549872283
497,Tea,7.07,9.9,100364.0,7.5,22.038751750709807
498,Maize,27.08,31.2,42398.0,14.9,87.38728610068091
499,Maize,24.39,139.2,92130.0,8.9,58.43398777977244
500,Maize,3.85,8.0,55267.0,5.0,80.94453359437722
501,Maize,52.59,186.1,98118.0,26.8,33.36922911794467
502,Maize,1.87,3.7,13752.0,14.7,81.27263898203856
503,Horticulture,2.64,5.2,138123.0,11.8,40.41867802849967
504,Horticulture,3.92,0.1,75802.0,11.2,64.1228224137995
505,Coffee,31.96,41.6,28893.0,8.4,70.23491597958866
506,Maize,42.34,267.3,85278.0,20.0,45.00703736629605
507,Horticulture,0.63,3.5,17526.0,0.5,62.406727323620686
508,Maize,15.26,25.9,26450.0,1.8,55.36852369711231
509,Horticulture,13.34,17.0,16315.0,8.2,81.73467229374556
510,Coffee,1.15,1.6,13098.0,23.1,14.775211472419329
511,Coffee,2.74,14.5,35876.0,3.6,88.90517184095981
512,Dairy,6.85,9.5,162919.0,8.8,8.722289413545802
513,Dairy,3.21,10.8,45027.0,6.7,14.591767267121277
514,Coffee,21.21,26.6,37143.0,18.6,30.51710102410143
515,Horticulture,29.59,178.3,97059.0,30.6,71.74648359700095
516,Maize,5.77,6.0,125884.0,6.4,90.63378072012827
517,Coffee,1.31,2.6,10437.0,16.0,63.883428403817405
518,Horticulture,30.59,42.9,19016.0,15.9,29.683304874851643
519,Coffee,7.03,15.7,57081.0,3.6,32.46166515583409
520,Maize,25.28,30.7,5443.0,13.1,56.55980509383462
521,Maize,10.94,19.4,30854.0,10.4,50.84965394006038
522,Horticulture,4.32,13.1,61945.0,9.8,65.08864520334774
523,Maize,1.91,3.3,15221.0,8.9,75.536817694681
524,Maize,1.43,3.6,15724.0,8.9,31.37703053173441
525,Tea,1.47,4.1,17878.0,16.2,49.67106870632605
526,Maize,1.89,2.7,17395.0,14.5,42.95724368162729
527,Coffee,4.7,8.7,27826.0,6.2,60.26072561516544
528,Maize,3.87,11.4,58202.0,3.2,71.81972411751899
529,Coffee,36.79,176.5,98698.0,7.8,38.70760704906847
530,Dairy,4.19,10.6,43169.0,3.3,82.71773224497285
531,Horticulture,1.35,3.3,14838.0,20.1,74.11088964584913
532,Maize,6.98,6.3,121701.0,14.3,16.111964965835156
533,Horticulture,34.28,190.7,96463.0,12.4,50.55677392300373
534,Horticulture,3.0,21.6,51636.0,6.0,42.757700455696146
535,Horticulture,1.14,7.7,13015.0,9.6,29.791857278536984
536,Coffee,14.46,28.9,24658.0,8.6,43.662096235048665
537,Dairy,28.54,27.6,18105.0,9.4,26.978713712225613
538,Dairy,1.1,22.6,88400.0,4.3,69.98722545952653
539,Tea,21.46,31.4,19053.0,8.6,69.82997524648307
540,Maize,0.49,4.7,12324.0,18.6,26.839272285962085
541,Maize,4.82,12.1,24605.0,5.1,65.6371948102634
542,Coffee,14.61,47.3,20805.0,6.4,27.560584276150774
543,Coffee,0.64,2.7,23667.0,9.7,67.24006307400857
544,Coffee,4.73,7.5,20899.0,7.9,22.08515304524826
545,Maize,4.31,12.6,57729.0,6.2,56.02662070508774
546,Tea,27.79,36.5,25536.0,4.9,
547,Maize,0.58,2.8,8187.0,20.3,41.91855600735857
548,Dairy,18.18,22.6,18941.0,19.6,59.97568502170075
549,Coffee,35.15,27.3,22321.0,10.7,
550,Horticulture,2.7,15.2,54043.0,8.3,59.84996240346907
551,Horticulture,34.05,11.7,27320.0,18.2,53.772424581037725
552,Coffee,6.47,9.6,47771.0,12.3,57.63164436280564
553,Tea,3.36,8.4,68074.0,3.4,9.360969431783417
554,Maize,1.05,14.4,52066.0,9.5,36.497134628242044
555,Maize,0.53,13.4,30539.0,3.0,30.18089635345195
556,Coffee,5.02,5.6,149495.0,13.0,39.55603001071052
557,Dairy,4.39,11.5,37892.0,9.1,71.98604512624098
558,Maize,0.2,0.7,18641.0,20.8,45.81415940550806
559,Maize,3.61,19.9,66702.0,5.2,58.604476533319925
560,Maize,3.83,13.8,129739.0,8.9,39.30766468890797
561,Tea,52.46,211.5,87027.0,13.8,100.0
562,Dairy,27.98,206.6,96361.0,15.9,27.93291290634685
563,Tea,4.18,7.2,101936.0,12.7,65.50501294642639
564,Maize,4.41,6.6,174430.0,6.4,25.30978577475847
565,Coffee,28.14,33.7,32480.0,9.8,27.664323867543615
566,Horticulture,41.22,172.4,97603.0,17.0,70.90445545259789
567,Coffee,34.88,193.8,79802.0,6.2,76.15013857510856
568,Maize,3.89,10.9,122368.0,15.1,37.890981490892884
569,Horticulture,2.57,18.5,30058.0,5.2,40.53760520798315
570,Maize,2.11,11.3,44547.0,6.2,39.378572735312574
571,Maize,0.61,7.0,80292.0,13.2,41.28083584670233
572,Horticulture,4.16,15.2,42062.0,6.3,28.528591130711135
573,Maize,18.02,16.8,5446.0,13.8,68.56442100493099
574,Maize,12.81,34.3,32224.0,14.1,
575,Maize,36.49,36.4,27558.0,17.9,69.3434167093857
576,Coffee,1.19,3.4,21601.0,0.5,
577,Horticulture,4.48,6.1,98259.0,5.0,62.7462292024048
578,Dairy,4.08,7.7,115861.0,2.2,56.97212254943719
579,Dairy,31.31,195.1,101129.0,33.1,70.91245777811501
580,Horticulture,4.18,15.8,68885.0,2.7,47.64223746010808
581,Tea,49.96,199.5,76448.0,18.1,42.87243381961804
582,Coffee,20.93,37.8,28386.0,6.6,54.78889735170716
583,Horticulture,19.86,25.8,20984.0,7.5,40.3336253022699
584,Coffee,2.17,14.1,134519.0,2.6,71.3846875085093
585,Tea,43.64,142.9,90867.0,10.0,64.88253415153248
586,Tea,0.75,2.2,20868.0,15.1,76.60716653271002
587,Maize,15.42,11.7,17015.0,6.1,45.66383532672022
588,Dairy,1.24,3.9,14805.0,11.5,47.967189446863415
589,Tea,1.75,8.8,32888.0,2.6,48.96548656376295
590,Tea,6.26,9.8,54408.0,6.6,53.698769733941205
591,Tea,2.12,12.5,55440.0,5.7,39.355404605811124
592,Dairy,2.18,6.4,49552.0,3.9,49.996367206829575
593,Dairy,23.77,38.7,21423.0,10.2,
594,Maize,3.93,6.9,36478.0,9.4,43.134790590679025
595,Maize,7.03,8.1,146724.0,10.1,100.0
596,Tea,3.18,5.9,110990.0,10.2,51.61655067308615
597,Horticulture,6.35,19.0,66901.0,1.4,67.87219784814198
598,Maize,0.5,0.3,11325.0,3.2,53.302196463665645
599,Horticulture,1.03,18.7,26397.0,4.3,
600,Maize,1.79,0.3,18964.0,10.9,14.923421508098379
601,Coffee,1.7,3.8,24901.0,13.5,54.39087000845431
602,Coffee,2.57,12.2,92276.0,9.5,18.369396537779508
603,Maize,3.46,10.6,41274.0,5.7,
604,Horticulture,0.96,3.3,13309.0,8.0,45.105056687362634
605,Dairy,41.45,171.5,77503.0,12.9,74.59945151112782
606,Tea,2.04,3.4,18559.0,9.2,83.53843650893579
607,Coffee,0.94,7.9,58314.0,5.9,44.183269928901645
608,Coffee,13.6,34.9,12038.0,13.1,89.90260921775547
609,Horticulture,31.82,133.5,64537.0,7.6,55.49136772550729
610,Maize,42.83,150.0,122338.0,14.4,47.75515299524393
611,Horticulture,3.99,18.2,46096.0,5.8,22.4279812296338
612,Tea,6.27,12.6,45095.0,7.3,48.22679932862405
613,Tea,42.46,129.6,86954.0,30.1,55.92776592131516
614,Coffee,5.96,9.1,70920.0,12.8,29.8763410495026
615,Maize,23.88,32.3,13916.0,16.1,39.24680573779162
616,Coffee,22.28,23.5,34078.0,3.3,
617,Tea,2.74,12.1,52223.0,9.6,55.88341602414253
618,Maize,2.12,20.5,53265.0,7.5,2.0698887623728766
619,Maize,1.05,1.5,13127.0,16.8,26.898362067744518
620,Tea,32.03,39.5,36822.0,12.1,54.83687095554674
621,Dairy,4.18,8.6,45281.0,8.4,20.050645308858456
622,Horticulture,1.61,3.9,18797.0,7.2,47.25738186131284
623,Maize,39.14,136.4,101938.0,18.8,
624,Horticulture,27.79,127.4,75512.0,19.1,78.3890709045808
625,Dairy,5.37,10.6,152996.0,14.5,7.98124992572
626,Tea,3.84,2.8,212126.0,6.7,32.574117723779935
627,Horticulture,3.41,6.1,30314.0,11.7,37.24805995682065
628,Dairy,1.69,3.1,15583.0,0.5,12.530933563315692
629,Maize,47.27,153.7,81601.0,15.6,68.14335809278523
630,Coffee,21.33,32.3,27381.0,9.9,48.016874331633424
631,Maize,3.35,2.8,44724.0,2.5,48.42225259752826
632,Maize,3.05,0.1,27961.0,4.4,80.52576551357515
633,Maize,6.9,37.0,17286.0,8.1,56.368481954521954
634,Dairy,3.89,3.9,143480.0,6.6,78.66063938203398
635,Dairy,3.4,12.0,58172.0,7.9,69.01555232028025
636,Coffee,3.61,8.3,109283.0,3.6,35.89990194084665
637,Coffee,4.11,8.0,54214.0,6.4,55.435782892949476
638,Maize,4.23,9.4,23486.0,5.5,64.26679775477001
639,Maize,16.28,27.4,13220.0,19.0,58.14514781204469
640,Maize,1.12,2.8,4853.0,9.6,13.053019495496535
641,Horticulture,21.06,40.1,22390.0,13.5,93.00591630064655
642,Tea,1.43,3.3,34735.0,10.6,24.936460688220585
643,Tea,1.47,1.5,23293.0,29.2,100.0
644,Maize,3.39,10.4,85879.0,6.5,52.65853008342445
645,Tea,6.68,8.0,53049.0,6.0,64.77076697659334
646,Coffee,26.64,35.2,27427.0,7.3,93.92654705422584
647,Tea,1.7,1.1,14760.0,14.0,82.2317904682418
648,Horticulture,1.56,2.9,31506.0,11.4,39.7020506179573
649,Coffee,64.17,134.8,58983.0,17.5,67.08702462441505
650,Horticulture,1.33,15.2,60912.0,7.0,0.0
651,Dairy,4.28,17.7,37779.0,6.5,73.85475665349922
652,Dairy,3.09,1.0,50137.0,7.3,46.790781005188514
653,Maize,1.15,0.4,21307.0,18.0,74.71993621063541
654,Tea,3.04,8.9,99240.0,5.3,7.820031011138177
655,Maize,1.81,1.5,29200.0,20.4,69.72192081449967
656,Horticulture,1.97,3.7,8618.0,16.9,91.73424812556952
657,Maize,18.32,27.7,39121.0,8.9,55.99586235107737
658,Coffee,3.48,8.1,138029.0,8.7,85.27247117759359
659,Tea,0.47,1.3,24285.0,14.9,99.9126311003674
660,Maize,1.15,4.5,14105.0,12.8,24.11199746812363
661,Tea,0.2,3.8,20172.0,16.3,48.61311518797573
662,Tea,5.65,18.5,37592.0,4.1,51.65589117400365
663,Dairy,4.35,9.3,127308.0,0.5,26.250179508927587
664,Maize,30.84,44.0,27440.0,2.3,49.44377822079096
665,Maize,13.65,29.0,19467.0,14.6,37.41946928235876
666,Coffee,0.56,3.8,7647.0,7.8,24.21528919143421
667,Maize,2.44,10.8,41197.0,8.5,72.66834886932757
668,Maize,38.18,222.4,92522.0,12.0,25.776640987771003
669,Coffee,1.02,5.6,20858.0,8.5,15.765300505457482
670,Dairy,3.79,8.8,41030.0,4.6,40.54312029484439
671,Dairy,0.2,6.4,15231.0,14.8,80.00685306396082
672,Maize,0.85,2.4,5654.0,0.5,53.940564229337156
673,Dairy,1.35,11.7,38159.0,8.0,74.70513511968988
674,Tea,1.65,5.7,14190.0,14.0,46.89616132289166
675,Dairy,5.83,5.1,50084.0,7.6,30.198208497074415
676,Coffee,3.3,10.5,50352.0,5.6,42.64453828006242
677,Coffee,0.88,1.6,12717.0,13.5,100.0
678,Tea,5.24,9.5,117935.0,8.2,22.3282089400606
679,Coffee,3.22,15.2,56133.0,2.4,83.82634393612273
680,Tea,6.3,10.6,150688.0,4.8,79.09739435688988
